Object,Close-Approach (CA) Date,CA Distance Nominal (km),Estimated Diameter,Min Diameter (km),Max Diameter (km)
(2020 HX3),2020-Apr-24 19:38 ± < 00:01,253705.32,9.8 m -   22 m,0.009800000000000001,0.022
(2017 FY101),1918-Mar-29 17:18 ± 3_06:58,238329.24,9.7 m -   22 m,0.009699999999999999,0.022
(2019 AE9),2019-Jan-12 11:09 ± < 00:01,99944.52,9.7 m -   22 m,0.009699999999999999,0.022
(2010 AL30),2010-Jan-13 12:47 ± < 00:01,130696.68000000001,9.7 m -   22 m,0.009699999999999999,0.022
(2018 FE3),2018-Mar-18 07:12 ± < 00:01,146072.76,9.7 m -   22 m,0.009699999999999999,0.022
(2017 BS32),2017-Feb-02 20:24 ± < 00:01,161448.84,9.7 m -   22 m,0.009699999999999999,0.022
(2017 TD6),2017-Oct-19 18:53 ± < 00:01,192201.0,9.7 m -   22 m,0.009699999999999999,0.022
(2013 PS13),2013-Aug-09 05:21 ± < 00:01,203733.06,9.7 m -   22 m,0.009699999999999999,0.022
(2007 US51),2007-Oct-30 06:06 ± < 00:01,222953.15999999997,9.7 m -   22 m,0.009699999999999999,0.022
(2015 XY261),2015-Dec-15 13:52 ± < 00:01,288301.5,9.7 m -   22 m,0.009699999999999999,0.022
(2018 KY2),2018-May-26 05:25 ± < 00:01,299833.56,9.7 m -   22 m,0.009699999999999999,0.022
(2006 WV),2006-Nov-21 10:07 ± < 00:01,349805.82,9.7 m -   22 m,0.009699999999999999,0.022
(2020 JA),2020-May-03 20:01 ± < 00:01,238329.24,9.6 m -   21 m,0.0096,0.021
(2018 QR1),2018-Aug-21 21:10 ±    00:02,88412.46,9.5 m -   21 m,0.0095,0.021
(2012 VH77),2012-Nov-12 20:59 ± < 00:01,199889.04,9.2 m -   21 m,0.0092,0.021
(2019 LW4),2019-Jun-08 17:04 ± < 00:01,249861.30000000002,9.2 m -   21 m,0.0092,0.021
(2009 TU),2009-Oct-08 23:50 ± < 00:01,303677.58,9.2 m -   21 m,0.0092,0.021
(2017 SM2),2017-Sep-20 07:34 ± < 00:01,311365.62,9.2 m -   21 m,0.0092,0.021
(2020 QR5),2020-Aug-23 04:20 ± < 00:01,319053.66,9.2 m -   21 m,0.0092,0.021
(2008 FK),2008-Mar-23 09:39 ±    00:07,326741.7,9.2 m -   21 m,0.0092,0.021
(2019 YV4),2019-Dec-25 21:41 ±    11:01,376713.96,9.2 m -   21 m,0.0092,0.021
(2007 UO6),2007-Oct-17 14:52 ±    00:20,369025.92,9.2 m -   21 m,0.0092,0.021
(2020 JN),2020-May-05 03:22 ± < 00:01,249861.30000000002,9.0 m -   20 m,0.009,0.02
(2020 KC5),2020-May-29 20:47 ± < 00:01,369025.92,9.0 m -   20 m,0.009,0.02
(2020 BA15),2020-Jan-28 18:03 ± < 00:01,376713.96,9.0 m -   20 m,0.009,0.02
(2020 LD),2020-Jun-05 08:23 ± < 00:01,307521.60000000003,89 m -  200 m,0.089,0.2
(2018 AH),2018-Jan-02 04:25 ± < 00:01,295989.54,84 m -  190 m,0.084,0.19
(2013 UG1),1976-Oct-17 04:21 ± < 00:01,326741.7,84 m -  190 m,0.084,0.19
(2018 PD20),2018-Aug-10 14:34 ±    00:01,34596.18,8.8 m -   20 m,0.0088,0.02
(2015 HD1),2015-Apr-21 08:17 ± < 00:01,57660.299999999996,8.8 m -   20 m,0.0088,0.02
(2017 WA14),2017-Nov-21 19:53 ± < 00:01,96100.5,8.8 m -   20 m,0.0088,0.02
(2019 YU2),2019-Dec-23 19:28 ± < 00:01,99944.52,8.8 m -   20 m,0.0088,0.02
(2019 QB1),2019-Aug-20 11:55 ± < 00:01,123008.64,8.8 m -   20 m,0.0088,0.02
(2017 HJ),2017-Apr-16 05:43 ± < 00:01,134540.69999999998,8.8 m -   20 m,0.0088,0.02
(2011 UX255),2011-Oct-28 17:43 ±    00:05,138384.72,8.8 m -   20 m,0.0088,0.02
(2014 UF56),2014-Oct-27 21:22 ± < 00:01,165292.86,8.8 m -   20 m,0.0088,0.02
(2019 VD),2019-Nov-04 09:56 ± < 00:01,172980.9,8.8 m -   20 m,0.0088,0.02
(2009 WJ6),2009-Nov-20 11:09 ± < 00:01,176824.92,8.8 m -   20 m,0.0088,0.02
(2010 SK13),2010-Sep-30 15:59 ± < 00:01,265237.38,8.8 m -   20 m,0.0088,0.02
(2018 VC7),2018-Nov-13 02:24 ±    00:02,334429.74,8.8 m -   20 m,0.0088,0.02
(2016 LR51),2016-Jun-05 04:31 ±    00:03,349805.82,8.8 m -   20 m,0.0088,0.02
(2017 LD),1922-Jun-07 23:28 ± 5_23:52,53816.280000000006,8.4 m -   19 m,0.008400000000000001,0.019
(2010 HP20),2010-Apr-18 20:37 ±    10:15,238329.24,8.4 m -   19 m,0.008400000000000001,0.019
(2008 EM68),2008-Mar-10 19:39 ± 1_10:56,219109.13999999998,8.4 m -   19 m,0.008400000000000001,0.019
(2014 AW32),1941-Jan-10 12:50 ±    05:08,142228.74,8.4 m -   19 m,0.008400000000000001,0.019
(2005 UW5),2005-Oct-30 00:17 ± < 00:01,188356.98,8.4 m -   19 m,0.008400000000000001,0.019
(2014 AW32),2014-Jan-10 21:40 ± < 00:01,188356.98,8.4 m -   19 m,0.008400000000000001,0.019
(2019 VF5),2019-Nov-09 23:16 ± < 00:01,188356.98,8.4 m -   19 m,0.008400000000000001,0.019
(2020 TE6),2020-Oct-18 19:19 ± < 00:01,230641.19999999998,8.4 m -   19 m,0.008400000000000001,0.019
(2005 BS1),2005-Jan-13 10:10 ±    00:10,261393.36000000002,8.4 m -   19 m,0.008400000000000001,0.019
(2018 VX1),1959-Nov-11 17:41 ±    20:52,369025.92,8.4 m -   19 m,0.008400000000000001,0.019
(2017 HG49),2017-Apr-21 04:34 ±    00:15,357493.86000000004,8.4 m -   19 m,0.008400000000000001,0.019
(2018 VX1),2018-Nov-10 18:20 ± < 00:01,380557.98,8.4 m -   19 m,0.008400000000000001,0.019
(2020 TF6),2020-Oct-19 19:24 ± < 00:01,153760.80000000002,8.1 m -   18 m,0.0081,0.018
(2012 BX34),2012-Jan-27 15:25 ± < 00:01,65348.340000000004,8.0 m -   18 m,0.008,0.018
(2016 VA),2016-Nov-02 00:42 ± < 00:01,96100.5,8.0 m -   18 m,0.008,0.018
(2012 BX34),1959-Jan-27 10:33 ±    00:25,203733.06,8.0 m -   18 m,0.008,0.018
(2006 QM111),2006-Aug-31 21:30 ± < 00:01,161448.84,8.0 m -   18 m,0.008,0.018
(2016 VA),1938-Nov-02 06:17 ± 1_02:53,280613.46,8.0 m -   18 m,0.008,0.018
(2010 TW54),2010-Oct-09 00:41 ±    00:01,161448.84,8.0 m -   18 m,0.008,0.018
(2007 EH),2007-Mar-11 01:38 ± < 00:01,176824.92,8.0 m -   18 m,0.008,0.018
(2018 FZ3),2018-Mar-23 16:19 ± < 00:01,192201.0,8.0 m -   18 m,0.008,0.018
(2014 YW14),1968-Dec-28 03:32 ± 1_09:34,246017.28,8.0 m -   18 m,0.008,0.018
(2019 SJ),2019-Sep-16 18:56 ± < 00:01,246017.28,8.0 m -   18 m,0.008,0.018
(2018 GY3),2018-Apr-10 04:23 ±    00:02,299833.56,8.0 m -   18 m,0.008,0.018
(2016 GO134),2016-Apr-08 19:34 ±    00:04,330585.72,8.0 m -   18 m,0.008,0.018
(2019 EN2),2019-Mar-13 23:38 ± < 00:01,330585.72,8.0 m -   18 m,0.008,0.018
(2016 SU2),2016-Sep-24 19:07 ± < 00:01,349805.82,8.0 m -   18 m,0.008,0.018
(2018 MD7),1915-Aug-08 11:22 ± 4_09:29,111476.57999999999,77 m -  170 m,0.077,0.17
458732 (2011 MD5),1918-Sep-17 22:24 ±    00:04,349805.82,730 m -  1.6 km,0.73,1.6
(2020 GO1),2020-Apr-01 19:09 ± < 00:01,69192.36,7.9 m -   18 m,0.0079,0.018
(2020 FD),2020-Mar-18 04:05 ± < 00:01,257549.34000000003,7.9 m -   18 m,0.0079,0.018
(2016 CM194),2016-Feb-13 07:48 ± < 00:01,76880.40000000001,7.7 m -   17 m,0.0077,0.017
(2018 NX),2018-Jul-07 18:12 ± < 00:01,115320.59999999999,7.7 m -   17 m,0.0077,0.017
(2008 CT1),2008-Feb-05 07:04 ±    00:39,134540.69999999998,7.7 m -   17 m,0.0077,0.017
(2019 UE4),2008-Oct-20 22:54 ± 4_10:07,276769.44,7.7 m -   17 m,0.0077,0.017
(2016 AN165),2016-Jan-13 14:45 ± < 00:01,180668.94,7.7 m -   17 m,0.0077,0.017
(2017 FD3),2017-Mar-17 14:28 ± < 00:01,180668.94,7.7 m -   17 m,0.0077,0.017
(2016 GS134),2016-Apr-01 05:56 ± < 00:01,199889.04,7.7 m -   17 m,0.0077,0.017
(2007 HB15),2007-Apr-24 20:32 ± < 00:01,219109.13999999998,7.7 m -   17 m,0.0077,0.017
(2017 HG4),2017-Apr-22 06:24 ± < 00:01,234485.22,7.7 m -   17 m,0.0077,0.017
(2009 TD17),2009-Oct-05 11:51 ±    00:30,257549.34000000003,7.7 m -   17 m,0.0077,0.017
(2014 DK10),2014-Feb-21 11:27 ± < 00:01,261393.36000000002,7.7 m -   17 m,0.0077,0.017
(2017 UR2),2017-Oct-17 16:32 ±    00:01,319053.66,7.7 m -   17 m,0.0077,0.017
(2020 BT14),2020-Feb-03 08:19 ± < 00:01,188356.98,7.5 m -   17 m,0.0075,0.017
(2018 CN2),2018-Feb-09 07:26 ± < 00:01,69192.36,7.3 m -   16 m,0.0073,0.016
(2016 TS54),2016-Oct-10 04:22 ±    00:03,76880.40000000001,7.3 m -   16 m,0.0073,0.016
(2019 LY4),2019-Jun-06 01:30 ± < 00:01,84568.44,7.3 m -   16 m,0.0073,0.016
(2014 TL),2014-Oct-01 15:59 ± < 00:01,99944.52,7.3 m -   16 m,0.0073,0.016
(2012 DY13),2012-Feb-20 22:44 ± < 00:01,107632.56000000001,7.3 m -   16 m,0.0073,0.016
(2013 LR6),2013-Jun-08 04:42 ± < 00:01,111476.57999999999,7.3 m -   16 m,0.0073,0.016
(2018 NW),2018-Jul-08 03:12 ± < 00:01,123008.64,7.3 m -   16 m,0.0073,0.016
(2015 UM52),2015-Oct-22 19:19 ± < 00:01,130696.68000000001,7.3 m -   16 m,0.0073,0.016
(2018 RJ3),2018-Sep-07 21:43 ± < 00:01,169136.88,7.3 m -   16 m,0.0073,0.016
(2009 CC2),2009-Feb-02 17:14 ±    01:44,184512.96,7.3 m -   16 m,0.0073,0.016
(2015 UM52),1933-Oct-22 08:10 ± 4_16:09,246017.28,7.3 m -   16 m,0.0073,0.016
(2019 ON3),2019-Jul-29 01:19 ±    00:14,215265.12000000002,7.3 m -   16 m,0.0073,0.016
(2013 BR27),2013-Jan-15 23:31 ±    00:06,219109.13999999998,7.3 m -   16 m,0.0073,0.016
(2016 EL1),2016-Mar-04 11:54 ± < 00:01,230641.19999999998,7.3 m -   16 m,0.0073,0.016
(2011 SE58),2011-Sep-27 02:47 ± < 00:01,238329.24,7.3 m -   16 m,0.0073,0.016
(2008 TN9),2008-Oct-03 14:50 ±    03:13,246017.28,7.3 m -   16 m,0.0073,0.016
(2012 XL134),2012-Dec-15 15:43 ± < 00:01,276769.44,7.3 m -   16 m,0.0073,0.016
(2011 SM173),2011-Sep-30 17:03 ± < 00:01,292145.52,7.3 m -   16 m,0.0073,0.016
(2006 WX29),2006-Nov-20 05:47 ±    00:14,330585.72,7.3 m -   16 m,0.0073,0.016
(2013 EC),2013-Mar-04 07:37 ± < 00:01,369025.92,7.3 m -   16 m,0.0073,0.016
(2020 QF2),2020-Aug-18 01:41 ± < 00:01,211421.1,7.1 m -   16 m,0.0070999999999999995,0.016
(2019 RP1),2019-Sep-05 22:04 ± < 00:01,38440.200000000004,7.0 m -   16 m,0.007,0.016
(2010 RK53),2010-Sep-08 23:58 ±    00:06,73036.38,7.0 m -   16 m,0.007,0.016
(2018 WJ),2018-Nov-19 23:23 ± < 00:01,119164.62,7.0 m -   16 m,0.007,0.016
(2019 CN5),2019-Feb-11 07:23 ±    00:03,119164.62,7.0 m -   16 m,0.007,0.016
(2012 FP35),2012-Mar-26 05:51 ± < 00:01,161448.84,7.0 m -   16 m,0.007,0.016
(2011 EN11),2011-Mar-03 08:47 ±    00:02,249861.30000000002,7.0 m -   16 m,0.007,0.016
(2013 UR1),2013-Oct-21 22:05 ± < 00:01,249861.30000000002,7.0 m -   16 m,0.007,0.016
(2006 UJ185),2006-Oct-30 16:43 ±    00:02,269081.39999999997,7.0 m -   16 m,0.007,0.016
(2010 VC140),2010-Nov-13 14:12 ± < 00:01,288301.5,7.0 m -   16 m,0.007,0.016
(2019 QR8),2019-Aug-26 08:51 ±    01:08,307521.60000000003,7.0 m -   16 m,0.007,0.016
(2013 VJ11),2013-Nov-08 16:14 ± < 00:01,342117.78,7.0 m -   16 m,0.007,0.016
(2014 KW76),2014-May-26 23:29 ± < 00:01,342117.78,7.0 m -   16 m,0.007,0.016
(2010 CK19),2010-Feb-17 07:20 ± < 00:01,349805.82,7.0 m -   16 m,0.007,0.016
(2017 UF),2017-Oct-15 03:23 ± < 00:01,380557.98,7.0 m -   16 m,0.007,0.016
(2010 VB1),1936-Jan-06 12:08 ± < 00:01,211421.1,61 m -  140 m,0.061,0.14
(2011 XC2),2011-Dec-03 15:21 ±    00:05,345961.8,61 m -  140 m,0.061,0.14
(2011 MD),2011-Jun-27 17:01 ± < 00:01,19220.100000000002,6.7 m -   15 m,0.0067,0.015
(2018 SC),2016-Mar-15 09:30 ± 1_00:30,76880.40000000001,6.7 m -   15 m,0.0067,0.015
(2018 CF2),2018-Feb-06 19:16 ± < 00:01,96100.5,6.7 m -   15 m,0.0067,0.015
(2016 RR1),2016-Sep-02 16:15 ± < 00:01,130696.68000000001,6.7 m -   15 m,0.0067,0.015
(2015 AQ43),2015-Jan-14 13:20 ± < 00:01,157604.81999999998,6.7 m -   15 m,0.0067,0.015
(2006 UE64),2006-Oct-21 02:40 ±    00:04,169136.88,6.7 m -   15 m,0.0067,0.015
(2011 EM40),2011-Mar-08 04:06 ±    00:02,242173.26,6.7 m -   15 m,0.0067,0.015
(2017 BX),2017-Jan-25 04:54 ± < 00:01,265237.38,6.7 m -   15 m,0.0067,0.015
(2019 JK),2019-Apr-30 08:12 ± < 00:01,265237.38,6.7 m -   15 m,0.0067,0.015
(2018 SC),2018-Sep-18 14:46 ± < 00:01,269081.39999999997,6.7 m -   15 m,0.0067,0.015
(2017 SU17),2017-Sep-24 08:12 ± < 00:01,276769.44,6.7 m -   15 m,0.0067,0.015
(2019 WV1),2019-Nov-19 23:56 ±    00:01,276769.44,6.7 m -   15 m,0.0067,0.015
(2016 EN157),2016-Mar-10 02:47 ± < 00:01,322897.68,6.7 m -   15 m,0.0067,0.015
(2018 WA3),2018-Nov-28 04:11 ± < 00:01,322897.68,6.7 m -   15 m,0.0067,0.015
(2019 TE),2019-Sep-28 20:31 ±    01:31,357493.86000000004,6.7 m -   15 m,0.0067,0.015
(2020 ML2),2020-Jun-13 04:45 ± < 00:01,357493.86000000004,6.7 m -   15 m,0.0067,0.015
(2010 TE55),2010-Oct-17 01:26 ± < 00:01,365181.89999999997,6.7 m -   15 m,0.0067,0.015
(2009 VZ39),2009-Nov-12 18:46 ± 6_02:08,261393.36000000002,6.5 m -   14 m,0.0065,0.014
(2014 HB177),1974-May-07 00:40 ± 5_15:32,353649.84,6.4 m -   14 m,0.0064,0.014
(2019 BO),2019-Jan-16 01:13 ± < 00:01,69192.36,6.4 m -   14 m,0.0064,0.014
(2015 PK),2015-Aug-06 03:09 ±    00:04,80724.42,6.4 m -   14 m,0.0064,0.014
(2013 CY32),2013-Feb-05 15:53 ±    00:02,103788.54000000001,6.4 m -   14 m,0.0064,0.014
(2020 HP6),2020-Apr-27 14:40 ± < 00:01,126852.66,6.4 m -   14 m,0.0064,0.014
(2019 VR),2019-Nov-04 10:30 ± < 00:01,134540.69999999998,6.4 m -   14 m,0.0064,0.014
(2004 UH1),1960-Oct-24 15:33 ±    03:02,180668.94,6.4 m -   14 m,0.0064,0.014
(2018 BW),2018-Jan-15 15:13 ±    00:04,165292.86,6.4 m -   14 m,0.0064,0.014
(2011 GW9),2011-Apr-06 04:54 ± < 00:01,199889.04,6.4 m -   14 m,0.0064,0.014
(2003 UM3),2003-Oct-12 01:25 ± 1_00:52,276769.44,6.4 m -   14 m,0.0064,0.014
(2017 YZ4),2017-Dec-28 15:50 ± < 00:01,222953.15999999997,6.4 m -   14 m,0.0064,0.014
(2016 TD),2016-Sep-30 17:15 ± < 00:01,226797.18,6.4 m -   14 m,0.0064,0.014
(2004 UH1),2004-Oct-24 17:32 ± < 00:01,295989.54,6.4 m -   14 m,0.0064,0.014
(2015 JF1),2015-May-15 11:52 ± < 00:01,311365.62,6.4 m -   14 m,0.0064,0.014
(2019 UG),2019-Oct-18 09:23 ± < 00:01,322897.68,6.4 m -   14 m,0.0064,0.014
(2009 BD),2011-Jun-02 00:52 ± < 00:01,345961.8,6.4 m -   14 m,0.0064,0.014
(2019 NF7),2019-Jul-09 12:07 ± < 00:01,376713.96,6.4 m -   14 m,0.0064,0.014
(2020 UO3),2020-Oct-22 15:53 ± < 00:01,349805.82,6.2 m -   14 m,0.0062,0.014
(2014 EC),2014-Mar-06 21:18 ± < 00:01,61504.32,6.1 m -   14 m,0.0060999999999999995,0.014
(2015 YJ),2015-Dec-13 21:18 ±    00:07,73036.38,6.1 m -   14 m,0.0060999999999999995,0.014
(1994 XM1),1994-Dec-09 18:55 ±    00:02,103788.54000000001,6.1 m -   14 m,0.0060999999999999995,0.014
(2019 UD10),2019-Oct-27 10:08 ±    00:02,169136.88,6.1 m -   14 m,0.0060999999999999995,0.014
(2020 SN5),2020-Sep-24 12:47 ± < 00:01,203733.06,6.1 m -   14 m,0.0060999999999999995,0.014
(2017 UK8),2017-Oct-30 05:18 ± < 00:01,226797.18,6.1 m -   14 m,0.0060999999999999995,0.014
(2012 HM13),2012-Apr-19 11:41 ± < 00:01,280613.46,6.1 m -   14 m,0.0060999999999999995,0.014
(2018 BL11),2018-Jan-20 19:55 ± < 00:01,303677.58,6.1 m -   14 m,0.0060999999999999995,0.014
(2016 SA2),2016-Sep-25 07:12 ± < 00:01,307521.60000000003,6.1 m -   14 m,0.0060999999999999995,0.014
(2006 WP1),2006-Nov-16 15:23 ±    00:05,311365.62,6.1 m -   14 m,0.0060999999999999995,0.014
(2018 CS1),2018-Feb-04 14:50 ±    00:01,345961.8,6.1 m -   14 m,0.0060999999999999995,0.014
(2019 OK),2019-Jul-25 01:22 ± < 00:01,73036.38,58 m -  130 m,0.058,0.13
(2012 UE34),1991-Apr-08 15:50 ± < 00:01,330585.72,58 m -  130 m,0.058,0.13
(2019 OD),2019-Jul-24 13:31 ± < 00:01,357493.86000000004,56 m -  120 m,0.056,0.12
163132 (2002 CU11),1925-Aug-30 23:38 ± < 00:01,345961.8,530 m -  1.2 km,0.53,1.2
(2002 MN),2002-Jun-14 02:03 ±    00:02,119164.62,51 m -  110 m,0.051,0.11
(2010 WC9),2018-May-15 22:05 ± < 00:01,203733.06,51 m -  110 m,0.051,0.11
(2016 RB1),2016-Sep-07 17:20 ± < 00:01,42284.22,5.8 m -   13 m,0.0058,0.013
(2017 SX17),2017-Oct-02 10:20 ± < 00:01,88412.46,5.8 m -   13 m,0.0058,0.013
(2019 TN5),2019-Oct-05 22:38 ± < 00:01,123008.64,5.8 m -   13 m,0.0058,0.013
(2011 BW11),2011-Jan-25 06:34 ±    00:02,130696.68000000001,5.8 m -   13 m,0.0058,0.013
(2010 VN1),2010-Nov-02 18:05 ± < 00:01,130696.68000000001,5.8 m -   13 m,0.0058,0.013
(2020 HT8),2020-Apr-26 13:33 ±    00:01,146072.76,5.8 m -   13 m,0.0058,0.013
(2018 FK5),2018-Mar-30 13:28 ± < 00:01,149916.78,5.8 m -   13 m,0.0058,0.013
(2007 UD6),2007-Oct-18 19:24 ± < 00:01,192201.0,5.8 m -   13 m,0.0058,0.013
(2012 JU),2012-May-13 13:20 ± < 00:01,203733.06,5.8 m -   13 m,0.0058,0.013
(2008 GM2),2008-Apr-03 21:46 ± < 00:01,207577.08000000002,5.8 m -   13 m,0.0058,0.013
(2017 QN2),2017-Aug-20 21:56 ± < 00:01,215265.12000000002,5.8 m -   13 m,0.0058,0.013
(2007 VF189),2007-Nov-14 03:21 ± < 00:01,234485.22,5.8 m -   13 m,0.0058,0.013
(2011 UL169),2011-Oct-26 02:32 ± < 00:01,265237.38,5.8 m -   13 m,0.0058,0.013
(2015 VP64),2015-Nov-05 09:15 ±    00:03,280613.46,5.8 m -   13 m,0.0058,0.013
(2018 DU),2018-Feb-25 18:22 ± < 00:01,284457.48,5.8 m -   13 m,0.0058,0.013
(2008 GF1),2008-Apr-07 16:07 ± < 00:01,292145.52,5.8 m -   13 m,0.0058,0.013
(2014 HL129),2014-May-03 08:14 ± < 00:01,292145.52,5.8 m -   13 m,0.0058,0.013
(2019 UL3),2019-Oct-19 22:22 ± < 00:01,295989.54,5.8 m -   13 m,0.0058,0.013
(2017 FJ101),2017-Mar-30 07:51 ± < 00:01,326741.7,5.8 m -   13 m,0.0058,0.013
(2013 CY),2013-Jan-28 06:09 ± < 00:01,345961.8,5.8 m -   13 m,0.0058,0.013
(2009 FK),2009-Mar-19 23:15 ± < 00:01,372869.94,5.8 m -   13 m,0.0058,0.013
(2016 FZ13),2016-Mar-23 03:54 ±    00:02,376713.96,5.8 m -   13 m,0.0058,0.013
(2020 UF3),2020-Oct-22 22:17 ± < 00:01,42284.22,5.7 m -   13 m,0.0057,0.013
(2017 FW158),2017-Mar-17 14:10 ±    00:13,123008.64,5.6 m -   13 m,0.0056,0.013
(2020 UA),2020-Oct-21 02:00 ± < 00:01,46128.24,5.6 m -   12 m,0.0056,0.012
(2009 EJ1),2009-Feb-27 19:48 ±    06:14,61504.32,5.6 m -   12 m,0.0056,0.012
(2010 RF12),2010-Sep-08 21:13 ± < 00:01,80724.42,5.6 m -   12 m,0.0056,0.012
(2017 TH5),2017-Oct-16 17:16 ± < 00:01,99944.52,5.6 m -   12 m,0.0056,0.012
(2019 VA),2019-Nov-02 17:28 ± < 00:01,107632.56000000001,5.6 m -   12 m,0.0056,0.012
(2015 GU),2015-Apr-12 05:36 ± < 00:01,111476.57999999999,5.6 m -   12 m,0.0056,0.012
(2018 DV1),2018-Mar-02 05:54 ±    00:07,111476.57999999999,5.6 m -   12 m,0.0056,0.012
(2007 TX22),2007-Oct-12 10:30 ±    00:44,146072.76,5.6 m -   12 m,0.0056,0.012
(2009 TM8),2011-Oct-17 11:42 ± 1_17:48,326741.7,5.6 m -   12 m,0.0056,0.012
(2018 WE),2018-Nov-18 13:55 ± < 00:01,238329.24,5.6 m -   12 m,0.0056,0.012
(2013 CL129),2013-Feb-11 12:47 ±    00:24,276769.44,5.6 m -   12 m,0.0056,0.012
(2016 NJ22),2016-Jul-07 10:14 ± < 00:01,284457.48,5.6 m -   12 m,0.0056,0.012
(2013 RO30),2013-Sep-04 09:47 ± < 00:01,292145.52,5.6 m -   12 m,0.0056,0.012
(2019 WJ4),2019-Nov-30 20:05 ± < 00:01,326741.7,5.6 m -   12 m,0.0056,0.012
(2009 TM8),2009-Oct-17 03:38 ± < 00:01,345961.8,5.6 m -   12 m,0.0056,0.012
(2018 DN4),2018-Feb-24 15:17 ±    04:43,211421.1,5.5 m -   12 m,0.0055,0.012
(2019 DG2),2019-Feb-26 07:39 ±    00:24,234485.22,5.4 m -   12 m,0.0054,0.012
(2016 DB),2016-Feb-15 04:50 ±    00:01,123008.64,5.3 m -   12 m,0.0053,0.012
(2011 EY11),2011-Mar-07 03:27 ± < 00:01,130696.68000000001,5.3 m -   12 m,0.0053,0.012
(2016 CG18),2016-Feb-06 13:30 ± < 00:01,149916.78,5.3 m -   12 m,0.0053,0.012
(2016 EV28),2016-Mar-08 05:06 ± < 00:01,153760.80000000002,5.3 m -   12 m,0.0053,0.012
(1994 ES1),1994-Mar-15 17:16 ± < 00:01,169136.88,5.3 m -   12 m,0.0053,0.012
(2018 VT5),2018-Nov-05 01:32 ±    00:01,184512.96,5.3 m -   12 m,0.0053,0.012
(2017 UA52),2017-Oct-21 06:25 ±    03:00,196045.02,5.3 m -   12 m,0.0053,0.012
(2013 TR12),2013-Oct-04 09:52 ± < 00:01,215265.12000000002,5.3 m -   12 m,0.0053,0.012
(2016 CE),1971-Feb-04 22:45 ±    19:27,330585.72,5.3 m -   12 m,0.0053,0.012
(2012 VJ38),2012-Nov-14 01:52 ± < 00:01,226797.18,5.3 m -   12 m,0.0053,0.012
(2010 UY7),2010-Oct-26 17:11 ±    00:02,242173.26,5.3 m -   12 m,0.0053,0.012
(2018 GR11),2018-Apr-07 07:52 ±    02:12,265237.38,5.3 m -   12 m,0.0053,0.012
(2019 SD1),2019-Sep-21 06:46 ± < 00:01,280613.46,5.3 m -   12 m,0.0053,0.012
(2017 VF14),2017-Nov-13 15:30 ± < 00:01,307521.60000000003,5.3 m -   12 m,0.0053,0.012
(2017 YE7),2017-Dec-30 17:47 ± < 00:01,307521.60000000003,5.3 m -   12 m,0.0053,0.012
(2018 RE2),2018-Sep-06 10:06 ± < 00:01,380557.98,5.3 m -   12 m,0.0053,0.012
(2020 BH6),2020-Jan-25 05:11 ± < 00:01,69192.36,5.2 m -   12 m,0.0052,0.012
(2009 VA),2009-Nov-06 21:32 ±    02:00,19220.100000000002,5.1 m -   11 m,0.0050999999999999995,0.011
(2018 SD2),2018-Sep-25 06:07 ±    00:01,88412.46,5.1 m -   11 m,0.0050999999999999995,0.011
(2017 SR2),2017-Sep-20 20:29 ± < 00:01,92256.48,5.1 m -   11 m,0.0050999999999999995,0.011
(2020 RF3),2020-Sep-14 06:49 ± < 00:01,92256.48,5.1 m -   11 m,0.0050999999999999995,0.011
(2014 GC49),2014-Apr-03 02:59 ±    00:05,115320.59999999999,5.1 m -   11 m,0.0050999999999999995,0.011
(1991 BA),1991-Jan-18 17:19 ±    00:02,169136.88,5.1 m -   11 m,0.0050999999999999995,0.011
(2015 BE511),2015-Jan-20 13:06 ± < 00:01,161448.84,5.1 m -   11 m,0.0050999999999999995,0.011
(2018 VJ10),2018-Nov-14 20:39 ± < 00:01,199889.04,5.1 m -   11 m,0.0050999999999999995,0.011
(2012 KA),2012-May-17 18:24 ± < 00:01,222953.15999999997,5.1 m -   11 m,0.0050999999999999995,0.011
(2014 UU56),2014-Oct-19 11:03 ± < 00:01,261393.36000000002,5.1 m -   11 m,0.0050999999999999995,0.011
(2014 EX24),2014-Mar-09 14:35 ±    00:04,261393.36000000002,5.1 m -   11 m,0.0050999999999999995,0.011
(2016 VB1),2016-Nov-07 15:57 ± < 00:01,269081.39999999997,5.1 m -   11 m,0.0050999999999999995,0.011
(2018 FQ3),2018-Mar-19 05:59 ± < 00:01,280613.46,5.1 m -   11 m,0.0050999999999999995,0.011
(2015 CH13),2015-Feb-11 06:17 ± < 00:01,280613.46,5.1 m -   11 m,0.0050999999999999995,0.011
(2018 TV),2018-Oct-07 20:05 ± < 00:01,284457.48,5.1 m -   11 m,0.0050999999999999995,0.011
(2011 AN52),2011-Jan-17 23:19 ± < 00:01,319053.66,5.1 m -   11 m,0.0050999999999999995,0.011
(2018 CD3),2018-Feb-15 20:03 ± < 00:01,353649.84,5.1 m -   11 m,0.0050999999999999995,0.011
(2016 WT3),2016-Nov-21 12:54 ±    00:01,365181.89999999997,5.1 m -   11 m,0.0050999999999999995,0.011
(2020 CQ2),2020-Feb-14 02:19 ± < 00:01,149916.78,5.0 m -   11 m,0.005,0.011
(2020 QN4),2020-Aug-21 04:23 ± < 00:01,272925.42,5.0 m -   11 m,0.005,0.011
(2018 GE3),2018-Apr-15 06:41 ± < 00:01,192201.0,46 m -  100 m,0.046,0.1
367943 Duende (2012 DA14),2013-Feb-15 19:26 ± < 00:01,34596.18,42 m -   94 m,0.042,0.094
(2020 DU),2020-Feb-13 13:22 ±    00:06,326741.7,4.9 m -   11 m,0.004900000000000001,0.011
(2004 FU162),2004-Mar-31 15:35 ±    01:32,11532.06,4.8 m -   11 m,0.0048,0.011
(2007 UN12),2007-Oct-17 15:25 ±    00:02,69192.36,4.8 m -   11 m,0.0048,0.011
(2013 RF32),2013-Sep-05 11:26 ±    00:28,169136.88,4.8 m -   11 m,0.0048,0.011
(2017 FU102),2017-Apr-02 20:18 ± < 00:01,219109.13999999998,4.8 m -   11 m,0.0048,0.011
(2019 FA),2019-Mar-16 01:14 ± < 00:01,230641.19999999998,4.8 m -   11 m,0.0048,0.011
(2020 PW2),2020-Aug-14 04:25 ± < 00:01,280613.46,4.8 m -   11 m,0.0048,0.011
(2015 HG182),2015-Apr-14 19:16 ± < 00:01,330585.72,4.8 m -   11 m,0.0048,0.011
(2015 FM118),2015-Mar-28 02:49 ± < 00:01,357493.86000000004,4.8 m -   11 m,0.0048,0.011
(2019 UX12),2019-Oct-26 03:07 ±    00:01,380557.98,4.8 m -   11 m,0.0048,0.011
(2019 BZ3),2019-Jan-27 23:29 ± < 00:01,49972.26,4.6 m -   10 m,0.0046,0.01
(2017 BH30),2017-Jan-30 04:51 ± < 00:01,49972.26,4.6 m -   10 m,0.0046,0.01
(2013 HT25),2013-Apr-18 13:48 ±    00:06,53816.280000000006,4.6 m -   10 m,0.0046,0.01
(2020 PA),2020-Aug-01 01:56 ± < 00:01,57660.299999999996,4.6 m -   10 m,0.0046,0.01
(2020 CQ1),2020-Feb-04 11:16 ± < 00:01,65348.340000000004,4.6 m -   10 m,0.0046,0.01
(2014 AF5),2014-Jan-01 16:13 ±    00:01,96100.5,4.6 m -   10 m,0.0046,0.01
(2019 BV1),2019-Jan-24 20:53 ± < 00:01,134540.69999999998,4.6 m -   10 m,0.0046,0.01
(2015 GL13),2015-Apr-16 07:53 ± < 00:01,184512.96,4.6 m -   10 m,0.0046,0.01
(2020 BA13),2020-Jan-27 16:56 ± < 00:01,196045.02,4.6 m -   10 m,0.0046,0.01
(2018 MZ4),2018-Jun-16 18:55 ± < 00:01,207577.08000000002,4.6 m -   10 m,0.0046,0.01
(2012 EZ1),2012-Mar-01 10:36 ±    00:02,230641.19999999998,4.6 m -   10 m,0.0046,0.01
(2016 FE15),2016-Mar-28 14:18 ± < 00:01,269081.39999999997,4.6 m -   10 m,0.0046,0.01
(2020 HO),2020-Apr-15 10:06 ±    00:01,288301.5,4.6 m -   10 m,0.0046,0.01
(2019 QD),2019-Aug-22 01:28 ± < 00:01,299833.56,4.6 m -   10 m,0.0046,0.01
(2020 QQ4),2020-Aug-22 23:18 ± < 00:01,307521.60000000003,4.6 m -   10 m,0.0046,0.01
(2020 SQ4),2020-Sep-26 18:05 ± < 00:01,353649.84,4.5 m - 10.0 m,0.0045,0.01
(2015 SK7),2015-Sep-22 21:44 ±    00:03,26908.140000000003,4.4 m -  9.9 m,0.0044,0.0099
(2010 TD54),2010-Oct-12 10:50 ± < 00:01,49972.26,4.4 m -  9.9 m,0.0044,0.0099
(2014 RA),2014-Aug-31 23:48 ± < 00:01,57660.299999999996,4.4 m -  9.9 m,0.0044,0.0099
(2017 FS),2017-Mar-19 03:33 ± < 00:01,107632.56000000001,4.4 m -  9.9 m,0.0044,0.0099
(2017 HV2),2017-Apr-23 22:04 ± < 00:01,126852.66,4.4 m -  9.9 m,0.0044,0.0099
(2018 HV),2018-Apr-22 17:07 ± < 00:01,153760.80000000002,4.4 m -  9.9 m,0.0044,0.0099
(2014 EF),2014-Mar-06 03:20 ± < 00:01,169136.88,4.4 m -  9.9 m,0.0044,0.0099
(2016 FU6),2016-Mar-25 19:19 ±    00:04,180668.94,4.4 m -  9.9 m,0.0044,0.0099
(2019 RC1),2019-Sep-07 10:48 ± < 00:01,184512.96,4.4 m -  9.9 m,0.0044,0.0099
(2016 DK2),2016-Feb-26 07:19 ± < 00:01,319053.66,4.4 m -  9.9 m,0.0044,0.0099
(2019 FV1),2019-Mar-31 05:27 ± < 00:01,334429.74,4.4 m -  9.9 m,0.0044,0.0099
(2019 SX8),2019-Sep-28 07:50 ± < 00:01,380557.98,4.4 m -  9.9 m,0.0044,0.0099
(2020 RG10),2020-Sep-10 11:33 ±    00:03,134540.69999999998,4.3 m -  9.7 m,0.0043,0.009699999999999999
(2020 UY),2020-Oct-21 04:24 ±    00:01,349805.82,4.3 m -  9.6 m,0.0043,0.0096
(2017 FX158),2017-Mar-20 02:16 ±    00:03,272925.42,4.2 m -  9.5 m,0.004200000000000001,0.0095
(2012 KT42),2012-May-29 07:07 ± < 00:01,19220.100000000002,4.2 m -  9.4 m,0.004200000000000001,0.0094
(2015 VY105),2015-Nov-15 02:40 ± < 00:01,34596.18,4.2 m -  9.4 m,0.004200000000000001,0.0094
(2013 EC20),1999-Mar-12 23:36 ± 1_16:27,315209.63999999996,4.2 m -  9.4 m,0.004200000000000001,0.0094
(2016 WW2),2016-Nov-25 02:46 ± < 00:01,134540.69999999998,4.2 m -  9.4 m,0.004200000000000001,0.0094
(2016 LT1),2016-Jun-07 20:25 ± < 00:01,146072.76,4.2 m -  9.4 m,0.004200000000000001,0.0094
(1993 KA2),1993-May-20 20:38 ± < 00:01,149916.78,4.2 m -  9.4 m,0.004200000000000001,0.0094
(2013 EC20),2013-Mar-09 02:41 ± < 00:01,149916.78,4.2 m -  9.4 m,0.004200000000000001,0.0094
(2016 SJ),2016-Sep-21 18:28 ± < 00:01,149916.78,4.2 m -  9.4 m,0.004200000000000001,0.0094
(2019 UB8),2019-Oct-29 06:30 ± < 00:01,192201.0,4.2 m -  9.4 m,0.004200000000000001,0.0094
(2011 YC63),2011-Dec-30 02:16 ±    00:07,242173.26,4.2 m -  9.4 m,0.004200000000000001,0.0094
(2016 NK22),2016-Jul-11 13:15 ± < 00:01,265237.38,4.2 m -  9.4 m,0.004200000000000001,0.0094
(2018 XA4),2018-Dec-11 15:42 ±    00:01,372869.94,4.2 m -  9.4 m,0.004200000000000001,0.0094
(2020 TE5),2020-Oct-09 18:18 ±    00:05,57660.299999999996,4.2 m -  9.3 m,0.004200000000000001,0.009300000000000001
(2020 GH),2020-Apr-03 22:04 ± < 00:01,126852.66,4.2 m -  9.3 m,0.004200000000000001,0.009300000000000001
(2020 SW),2020-Sep-24 11:13 ± < 00:01,26908.140000000003,4.1 m -  9.2 m,0.0040999999999999995,0.0092
(2020 HS7),2020-Apr-28 18:51 ± < 00:01,42284.22,4.1 m -  9.2 m,0.0040999999999999995,0.0092
(2020 TG6),2020-Oct-17 18:03 ± < 00:01,138384.72,4.1 m -  9.2 m,0.0040999999999999995,0.0092
(2020 RE5),2020-Sep-09 16:50 ±    00:03,246017.28,4.1 m -  9.2 m,0.0040999999999999995,0.0092
(2014 LY21),2014-Jun-03 17:38 ± 3_08:16,19220.100000000002,4.0 m -  9.0 m,0.004,0.009
(2014 SG1),2014-Sep-20 14:48 ± < 00:01,80724.42,4.0 m -  9.0 m,0.004,0.009
(2005 TK50),2005-Oct-10 04:03 ±    00:41,134540.69999999998,4.0 m -  9.0 m,0.004,0.009
(2017 JA),2017-May-02 07:24 ± < 00:01,99944.52,4.0 m -  9.0 m,0.004,0.009
(2018 DQ),2018-Feb-21 12:16 ±    00:06,99944.52,4.0 m -  9.0 m,0.004,0.009
(2003 SW130),2003-Sep-19 05:39 ± < 00:01,161448.84,4.0 m -  9.0 m,0.004,0.009
(2016 FC1),2016-Mar-14 14:27 ±    00:02,169136.88,4.0 m -  9.0 m,0.004,0.009
(2003 SW130),1990-Sep-19 01:05 ±    01:07,215265.12000000002,4.0 m -  9.0 m,0.004,0.009
(2019 JX1),2019-May-02 12:39 ± < 00:01,180668.94,4.0 m -  9.0 m,0.004,0.009
(2014 OP2),2014-Jul-24 08:35 ± < 00:01,199889.04,4.0 m -  9.0 m,0.004,0.009
(2016 EK1),2016-Mar-03 18:06 ± < 00:01,203733.06,4.0 m -  9.0 m,0.004,0.009
(2003 YS70),1949-Jan-01 02:53 ± 1_01:08,261393.36000000002,4.0 m -  9.0 m,0.004,0.009
(2020 TS1),2020-Oct-12 10:57 ± < 00:01,253705.32,4.0 m -  9.0 m,0.004,0.009
(2014 OM207),2014-Jul-25 06:39 ± < 00:01,269081.39999999997,4.0 m -  9.0 m,0.004,0.009
(2018 BX),2018-Jan-19 23:00 ± < 00:01,280613.46,4.0 m -  9.0 m,0.004,0.009
(2016 TB19),2016-Oct-11 19:13 ± < 00:01,315209.63999999996,4.0 m -  9.0 m,0.004,0.009
(2006 BV39),2006-Jan-28 07:28 ± < 00:01,338273.76,4.0 m -  9.0 m,0.004,0.009
(2017 QP1),2017-Aug-14 21:23 ±    00:18,61504.32,37 m -   82 m,0.037,0.082
(2012 EG5),2012-Apr-01 09:33 ± < 00:01,230641.19999999998,37 m -   82 m,0.037,0.082
152680 (1998 KJ9),1914-Dec-31 12:01 ± < 00:01,234485.22,350 m -  780 m,0.35,0.78
(2018 RY1),1980-Oct-15 14:57 ±    02:59,157604.81999999998,35 m -   78 m,0.035,0.078
(2017 OO1),2017-Jul-21 03:32 ± < 00:01,126852.66,33 m -   75 m,0.033,0.075
(2013 PJ10),2013-Aug-04 02:18 ± < 00:01,372869.94,32 m -   71 m,0.032,0.071
(2019 NN3),2019-Jul-10 16:29 ± < 00:01,319053.66,31 m -   68 m,0.031,0.068
(2010 VP139),2010-Nov-12 02:23 ± 3_18:24,80724.42,3.8 m -  8.6 m,0.0038,0.0086
(2012 FT35),1925-Mar-29 08:06 ± 2_18:52,38440.200000000004,3.8 m -  8.6 m,0.0038,0.0086
(2009 TB),2009-Oct-01 04:10 ±    11:46,69192.36,3.8 m -  8.6 m,0.0038,0.0086
(2017 JB2),2017-May-04 03:18 ± < 00:01,53816.280000000006,3.8 m -  8.6 m,0.0038,0.0086
(2014 JG55),2014-May-10 20:18 ± < 00:01,99944.52,3.8 m -  8.6 m,0.0038,0.0086
(2019 TD),2019-Sep-29 18:49 ±    00:01,130696.68000000001,3.8 m -  8.6 m,0.0038,0.0086
(2013 UX2),2013-Oct-25 15:29 ± < 00:01,149916.78,3.8 m -  8.6 m,0.0038,0.0086
(2019 SM8),2019-Oct-01 13:56 ± < 00:01,157604.81999999998,3.8 m -  8.6 m,0.0038,0.0086
(2016 RS1),2016-Sep-03 00:30 ±    00:01,192201.0,3.8 m -  8.6 m,0.0038,0.0086
(2018 UL),2018-Oct-17 11:34 ± < 00:01,219109.13999999998,3.8 m -  8.6 m,0.0038,0.0086
(2017 DR34),2017-Feb-25 04:52 ± < 00:01,222953.15999999997,3.8 m -  8.6 m,0.0038,0.0086
(2009 WQ6),2009-Nov-16 18:34 ±    00:03,349805.82,3.8 m -  8.6 m,0.0038,0.0086
(2017 SZ32),2017-Sep-20 15:49 ±    00:02,203733.06,3.8 m -  8.5 m,0.0038,0.0085
(2010 VR21),2010-Nov-07 23:11 ±    00:02,353649.84,3.7 m -  8.4 m,0.0037,0.008400000000000001
(2016 XL23),2016-Nov-30 12:54 ±    00:03,88412.46,3.7 m -  8.3 m,0.0037,0.0083
(2020 SG6),2020-Sep-23 12:45 ±    00:04,222953.15999999997,3.7 m -  8.3 m,0.0037,0.0083
(2018 WG),2018-Nov-16 19:14 ± < 00:01,30752.16,3.7 m -  8.2 m,0.0037,0.008199999999999999
(2004 YD5),2004-Dec-19 20:38 ± < 00:01,34596.18,3.7 m -  8.2 m,0.0037,0.008199999999999999
(2016 LP10),2016-Jun-09 18:32 ±    00:01,73036.38,3.7 m -  8.2 m,0.0037,0.008199999999999999
(2014 KC45),2014-May-28 08:10 ± < 00:01,88412.46,3.7 m -  8.2 m,0.0037,0.008199999999999999
(2019 QQ3),2019-Aug-26 15:14 ±    00:01,96100.5,3.7 m -  8.2 m,0.0037,0.008199999999999999
(2015 DQ224),2015-Feb-18 01:21 ±    03:55,107632.56000000001,3.7 m -  8.2 m,0.0037,0.008199999999999999
(2014 JR24),2014-May-07 10:45 ± < 00:01,107632.56000000001,3.7 m -  8.2 m,0.0037,0.008199999999999999
(2015 TC25),2015-Oct-13 07:32 ± < 00:01,111476.57999999999,3.7 m -  8.2 m,0.0037,0.008199999999999999
(2017 DG16),2017-Feb-23 21:08 ± < 00:01,138384.72,3.7 m -  8.2 m,0.0037,0.008199999999999999
(2019 UO8),2019-Oct-25 13:30 ± < 00:01,157604.81999999998,3.7 m -  8.2 m,0.0037,0.008199999999999999
(2017 JQ1),2017-May-04 01:16 ± < 00:01,169136.88,3.7 m -  8.2 m,0.0037,0.008199999999999999
(2007 EK),2007-Mar-13 05:30 ± < 00:01,265237.38,3.7 m -  8.2 m,0.0037,0.008199999999999999
(2020 CZ),2020-Jan-31 03:51 ±    00:48,315209.63999999996,3.7 m -  8.2 m,0.0037,0.008199999999999999
(2017 QB35),2017-Sep-03 08:41 ± < 00:01,357493.86000000004,3.7 m -  8.2 m,0.0037,0.008199999999999999
(2017 TQ2),2017-Sep-30 12:16 ±    00:03,103788.54000000001,3.5 m -  7.9 m,0.0035,0.0079
(2020 KF5),2020-May-28 12:47 ± < 00:01,246017.28,3.5 m -  7.9 m,0.0035,0.0079
(2020 SZ2),2020-Sep-19 04:16 ± < 00:01,365181.89999999997,3.5 m -  7.9 m,0.0035,0.0079
(2018 SM),2018-Sep-15 22:29 ± < 00:01,42284.22,3.5 m -  7.8 m,0.0035,0.0078
(2008 EF32),2008-Mar-10 05:24 ±    05:07,65348.340000000004,3.5 m -  7.8 m,0.0035,0.0078
(2018 YL2),2018-Dec-27 17:33 ± < 00:01,57660.299999999996,3.5 m -  7.8 m,0.0035,0.0078
(2013 XS21),2013-Dec-11 23:26 ± < 00:01,73036.38,3.5 m -  7.8 m,0.0035,0.0078
(2011 GP28),2011-Apr-06 19:38 ±    00:15,96100.5,3.5 m -  7.8 m,0.0035,0.0078
(2018 WZ1),2018-Nov-27 10:27 ± < 00:01,107632.56000000001,3.5 m -  7.8 m,0.0035,0.0078
(2016 TH),2016-Oct-03 16:31 ± < 00:01,126852.66,3.5 m -  7.8 m,0.0035,0.0078
(2013 RG),2013-Sep-03 10:27 ± < 00:01,226797.18,3.5 m -  7.8 m,0.0035,0.0078
(2018 BC),2018-Jan-19 20:23 ± < 00:01,280613.46,3.5 m -  7.8 m,0.0035,0.0078
(2018 GD2),2018-Apr-12 16:42 ± < 00:01,299833.56,3.5 m -  7.8 m,0.0035,0.0078
(2008 UA202),2008-Oct-18 16:31 ±    00:30,334429.74,3.5 m -  7.8 m,0.0035,0.0078
(2020 FJ4),2020-Mar-25 13:42 ± < 00:01,257549.34000000003,3.4 m -  7.6 m,0.0034,0.0076
(2018 TV5),2018-Oct-06 05:24 ± < 00:01,103788.54000000001,3.3 m -  7.5 m,0.0033,0.0075
(2017 FM1),2017-Mar-20 22:38 ± < 00:01,126852.66,3.3 m -  7.5 m,0.0033,0.0075
(2018 BR1),2018-Jan-16 13:22 ± < 00:01,130696.68000000001,3.3 m -  7.5 m,0.0033,0.0075
(2006 RH120),2007-Jun-14 05:31 ± < 00:01,276769.44,3.3 m -  7.5 m,0.0033,0.0075
(2016 FW13),2016-Apr-05 02:21 ± < 00:01,315209.63999999996,3.3 m -  7.5 m,0.0033,0.0075
(2006 RH120),2007-Mar-25 12:32 ± < 00:01,353649.84,3.3 m -  7.5 m,0.0033,0.0075
(2020 TK7),2020-Oct-14 16:00 ± < 00:01,76880.40000000001,3.2 m -  7.2 m,0.0032,0.0072
(2020 CA),2020-Feb-02 15:49 ±    00:02,219109.13999999998,3.2 m -  7.2 m,0.0032,0.0072
(2020 PX5),2020-Aug-11 08:45 ± < 00:01,226797.18,3.2 m -  7.2 m,0.0032,0.0072
(2020 HN3),1992-Oct-21 21:42 ± 1_22:41,342117.78,3.2 m -  7.2 m,0.0032,0.0072
(2010 XB),2010-Nov-30 18:08 ±    00:02,53816.280000000006,3.2 m -  7.1 m,0.0032,0.0070999999999999995
(2019 JH7),2019-May-16 00:06 ± < 00:01,73036.38,3.2 m -  7.1 m,0.0032,0.0070999999999999995
(2010 UE),2010-Oct-16 10:16 ±    00:55,115320.59999999999,3.2 m -  7.1 m,0.0032,0.0070999999999999995
(2013 WH25),2013-Nov-29 00:46 ±    00:08,134540.69999999998,3.2 m -  7.1 m,0.0032,0.0070999999999999995
(2019 JY2),2019-May-05 17:12 ± < 00:01,146072.76,3.2 m -  7.1 m,0.0032,0.0070999999999999995
(2008 JL24),2008-May-10 01:20 ± < 00:01,172980.9,3.2 m -  7.1 m,0.0032,0.0070999999999999995
(2006 BF56),2006-Jan-29 10:33 ± < 00:01,203733.06,3.2 m -  7.1 m,0.0032,0.0070999999999999995
(2020 AP1),2020-Jan-02 15:33 ±    00:02,326741.7,3.2 m -  7.1 m,0.0032,0.0070999999999999995
(2014 WX202),1979-Sep-02 00:16 ±    00:16,334429.74,3.2 m -  7.1 m,0.0032,0.0070999999999999995
(2014 WX202),2014-Dec-07 20:09 ± < 00:01,376713.96,3.2 m -  7.1 m,0.0032,0.0070999999999999995
(2020 HU7),2020-Apr-22 20:19 ± < 00:01,130696.68000000001,3.1 m -  7.0 m,0.0031,0.007
(2016 TG94),2016-Oct-08 01:33 ±    00:03,215265.12000000002,3.1 m -  7.0 m,0.0031,0.007
(2020 BB5),2020-Jan-22 00:20 ± < 00:01,265237.38,3.1 m -  6.9 m,0.0031,0.006900000000000001
(2016 AH164),2016-Jan-12 03:35 ±    00:01,26908.140000000003,3.1 m -  6.8 m,0.0031,0.0068
(2018 RZ5),2018-Sep-12 20:08 ± < 00:01,49972.26,3.1 m -  6.8 m,0.0031,0.0068
(2011 YC40),2011-Dec-28 02:30 ±    00:15,107632.56000000001,3.1 m -  6.8 m,0.0031,0.0068
(2011 AM37),2011-Jan-11 11:49 ± < 00:01,126852.66,3.1 m -  6.8 m,0.0031,0.0068
(2017 WW1),2017-Nov-21 19:18 ± < 00:01,142228.74,3.1 m -  6.8 m,0.0031,0.0068
(2018 KW1),2018-May-23 11:57 ± < 00:01,149916.78,3.1 m -  6.8 m,0.0031,0.0068
(2019 YB),2019-Dec-18 00:12 ±    00:03,169136.88,3.1 m -  6.8 m,0.0031,0.0068
(2016 WT),2016-Nov-17 06:54 ± < 00:01,192201.0,3.1 m -  6.8 m,0.0031,0.0068
(2018 YO2),2018-Dec-28 06:27 ± < 00:01,196045.02,3.1 m -  6.8 m,0.0031,0.0068
(2011 JV10),2011-May-05 17:14 ±    00:03,345961.8,3.1 m -  6.8 m,0.0031,0.0068
(2008 BW2),2008-Jan-16 19:44 ±    00:22,357493.86000000004,3.1 m -  6.8 m,0.0031,0.0068
(2019 UN8),2019-Oct-23 16:36 ± < 00:01,361337.88,3.1 m -  6.8 m,0.0031,0.0068
(2020 DR4),2020-Feb-25 20:30 ±    00:03,92256.48,3.0 m -  6.8 m,0.003,0.0068
(2020 DA1),2020-Feb-18 10:32 ± < 00:01,192201.0,3.0 m -  6.7 m,0.003,0.0067
(2019 GP21),2019-Mar-31 19:00 ±    07:46,357493.86000000004,3.0 m -  6.6 m,0.003,0.0066
(2010 XW58),1957-Dec-10 07:05 ±    00:06,61504.32,28 m -   62 m,0.028,0.062
(2019 WG2),2019-Nov-23 08:44 ± < 00:01,180668.94,28 m -   62 m,0.028,0.062
(2018 RC),2018-Sep-09 12:09 ± < 00:01,222953.15999999997,28 m -   62 m,0.028,0.062
(2008 CK70),2008-Feb-15 00:19 ± < 00:01,372869.94,28 m -   62 m,0.028,0.062
(2019 DP),2017-Aug-29 20:36 ±    00:02,61504.32,27 m -   59 m,0.027,0.059
(2016 QA2),2016-Aug-28 01:26 ± < 00:01,88412.46,25 m -   57 m,0.025,0.057
(2012 TV),2012-Oct-07 15:05 ± < 00:01,253705.32,24 m -   54 m,0.024,0.054
(2019 AW2),2018-Dec-28 12:36 ±    00:08,165292.86,23 m -   52 m,0.023,0.052
(2007 JB21),1910-May-09 08:59 ±    02:06,288301.5,22 m -   49 m,0.022,0.049
(2014 GY44),2014-Mar-30 00:27 ±    00:03,169136.88,22 m -   49 m,0.022,0.049
(2015 DD54),1935-Mar-08 09:13 ± 1_15:03,184512.96,22 m -   49 m,0.022,0.049
(2012 XE54),2012-Dec-11 10:05 ± < 00:01,226797.18,22 m -   49 m,0.022,0.049
(2017 TF5),2017-Oct-10 07:40 ±    01:01,280613.46,22 m -   49 m,0.022,0.049
(2010 UJ7),2010-Nov-02 02:37 ± < 00:01,288301.5,22 m -   49 m,0.022,0.049
(2007 BD),2007-Jan-18 02:52 ± < 00:01,322897.68,22 m -   49 m,0.022,0.049
(2016 EF195),2016-Mar-11 04:57 ±    00:03,30752.16,21 m -   47 m,0.021,0.047
(2002 XV90),2002-Dec-11 08:24 ±    00:03,119164.62,21 m -   47 m,0.021,0.047
(2020 TA),2020-Oct-01 11:07 ±    00:02,219109.13999999998,21 m -   47 m,0.021,0.047
(2020 UE),2020-Oct-15 08:55 ± < 00:01,272925.42,21 m -   46 m,0.021,0.046
(2019 FC1),2019-Mar-28 05:46 ± < 00:01,103788.54000000001,20 m -   45 m,0.02,0.045
(2011 PU1),2011-Jul-24 19:30 ± < 00:01,334429.74,20 m -   45 m,0.02,0.045
(2019 DS1),1970-Feb-26 13:57 ± < 00:01,361337.88,20 m -   45 m,0.02,0.045
(2016 AQ164),2016-Jan-10 14:15 ±    00:02,103788.54000000001,2.9 m -  6.5 m,0.0029,0.0065
(2020 RD4),2020-Sep-14 20:33 ± < 00:01,107632.56000000001,2.9 m -  6.5 m,0.0029,0.0065
(2020 BZ13),2020-Jan-29 01:18 ± < 00:01,107632.56000000001,2.9 m -  6.5 m,0.0029,0.0065
(2019 DF),2019-Feb-26 21:11 ±    00:09,172980.9,2.9 m -  6.5 m,0.0029,0.0065
(2018 WH),2018-Nov-16 05:49 ± < 00:01,192201.0,2.9 m -  6.5 m,0.0029,0.0065
(2016 CW264),2016-Feb-10 11:38 ±    00:02,211421.1,2.9 m -  6.5 m,0.0029,0.0065
(2011 YB63),2012-Jan-02 10:15 ±    00:04,234485.22,2.9 m -  6.5 m,0.0029,0.0065
(2020 QG),2020-Aug-16 04:09 ± < 00:01,7688.04,2.8 m -  6.3 m,0.0028,0.0063
(2016 VF18),2016-Nov-10 11:35 ±    01:06,69192.36,2.8 m -  6.3 m,0.0028,0.0063
(2017 GM),2017-Apr-04 10:32 ± < 00:01,15376.08,2.8 m -  6.2 m,0.0028,0.0062
(2005 WN3),2005-Nov-26 00:32 ± < 00:01,84568.44,2.8 m -  6.2 m,0.0028,0.0062
(2014 AG51),2014-Jan-09 07:54 ±    00:02,130696.68000000001,2.8 m -  6.2 m,0.0028,0.0062
(2020 KJ4),2020-May-28 13:21 ± < 00:01,142228.74,2.8 m -  6.2 m,0.0028,0.0062
(2016 DA31),2016-Feb-29 15:56 ±    00:02,199889.04,2.8 m -  6.2 m,0.0028,0.0062
(2019 NK1),2019-Jul-02 09:49 ± < 00:01,265237.38,2.8 m -  6.2 m,0.0028,0.0062
(2012 XB112),2012-Dec-14 15:06 ± < 00:01,315209.63999999996,2.8 m -  6.2 m,0.0028,0.0062
(2020 JJ),2020-May-04 12:05 ± < 00:01,11532.06,2.7 m -  6.0 m,0.0027,0.006
(2010 WA),2010-Nov-17 03:45 ± < 00:01,38440.200000000004,2.7 m -  5.9 m,0.0027,0.005900000000000001
(2018 RS),2018-Sep-05 17:21 ±    00:04,107632.56000000001,2.7 m -  5.9 m,0.0027,0.005900000000000001
(2018 RR1),2018-Sep-03 22:00 ± < 00:01,361337.88,2.7 m -  5.9 m,0.0027,0.005900000000000001
(2018 FL29),2018-Mar-17 23:18 ±    00:20,222953.15999999997,2.6 m -  5.7 m,0.0026,0.0057
(2019 EH1),2019-Mar-01 17:38 ± < 00:01,23064.12,2.5 m -  5.7 m,0.0025,0.0057
(2018 BD),2018-Jan-18 15:43 ± < 00:01,38440.200000000004,2.5 m -  5.7 m,0.0025,0.0057
(2019 SU2),2019-Sep-21 02:48 ±    00:01,73036.38,2.5 m -  5.7 m,0.0025,0.0057
(2003 SQ222),2003-Sep-27 22:56 ± < 00:01,84568.44,2.5 m -  5.7 m,0.0025,0.0057
(2018 WG2),2018-Nov-30 19:09 ± < 00:01,199889.04,2.5 m -  5.7 m,0.0025,0.0057
(2015 WP2),2015-Nov-20 01:43 ± < 00:01,230641.19999999998,2.5 m -  5.7 m,0.0025,0.0057
(2018 WA1),2018-Nov-13 18:28 ± < 00:01,249861.30000000002,2.5 m -  5.7 m,0.0025,0.0057
(2020 OY4),2020-Jul-28 05:30 ± < 00:01,42284.22,2.4 m -  5.5 m,0.0024,0.0055
(2018 UA),2018-Oct-19 14:46 ± < 00:01,15376.08,2.4 m -  5.4 m,0.0024,0.0054
(2008 VM),2008-Nov-03 22:31 ±    00:09,46128.24,2.4 m -  5.4 m,0.0024,0.0054
(2016 GN134),2016-Apr-04 13:52 ± < 00:01,57660.299999999996,2.4 m -  5.4 m,0.0024,0.0054
(2012 FS35),2012-Mar-26 17:09 ± < 00:01,65348.340000000004,2.4 m -  5.4 m,0.0024,0.0054
(2015 EO6),2015-Mar-12 00:31 ± < 00:01,107632.56000000001,2.4 m -  5.4 m,0.0024,0.0054
(2018 WV1),2018-Dec-02 03:11 ± < 00:01,34596.18,2.3 m -  5.2 m,0.0023,0.0052
(2011 CA7),2011-Feb-09 19:28 ±    00:07,103788.54000000001,2.3 m -  5.2 m,0.0023,0.0052
(2020 DW),2020-Feb-18 17:02 ± < 00:01,242173.26,2.3 m -  5.1 m,0.0023,0.0050999999999999995
(2016 AN164),2016-Jan-14 14:55 ± < 00:01,38440.200000000004,2.2 m -  4.9 m,0.0022,0.004900000000000001
(2015 DD1),2015-Feb-17 07:38 ± < 00:01,38440.200000000004,2.2 m -  4.9 m,0.0022,0.004900000000000001
(2019 QH2),2019-Aug-20 18:12 ±    00:08,49972.26,2.2 m -  4.9 m,0.0022,0.004900000000000001
(2019 UU1),1994-Apr-16 07:59 ±    04:16,180668.94,2.2 m -  4.9 m,0.0022,0.004900000000000001
(2014 WE6),2014-Nov-13 18:06 ±    00:02,219109.13999999998,2.2 m -  4.9 m,0.0022,0.004900000000000001
(2019 UU1),2019-Oct-18 06:23 ± < 00:01,226797.18,2.2 m -  4.9 m,0.0022,0.004900000000000001
(2016 DY30),2016-Feb-25 19:59 ±    00:06,15376.08,2.1 m -  4.7 m,0.0021000000000000003,0.0047
(2018 RW),1938-Jun-21 02:53 ± 3_16:36,103788.54000000001,2.0 m -  4.5 m,0.002,0.0045
(2017 FN1),2017-Mar-20 21:02 ± < 00:01,61504.32,2.0 m -  4.5 m,0.002,0.0045
(2015 VU64),2015-Nov-06 23:09 ± < 00:01,99944.52,2.0 m -  4.5 m,0.002,0.0045
(2019 RQ),2019-Sep-02 16:45 ± < 00:01,111476.57999999999,2.0 m -  4.5 m,0.002,0.0045
(2018 RW),2018-Sep-08 05:18 ± < 00:01,169136.88,2.0 m -  4.5 m,0.002,0.0045
(2017 VW13),2001-Nov-08 12:24 ± 1_04:35,142228.74,190 m -  430 m,0.19,0.43
(2004 FH),2004-Mar-18 22:09 ± < 00:01,49972.26,19 m -   43 m,0.019,0.043
(2010 KK37),2012-May-19 23:48 ± 4_06:19,165292.86,19 m -   43 m,0.019,0.043
(2019 BV2),1954-Aug-02 00:31 ± 8_09:57,376713.96,19 m -   43 m,0.019,0.043
(2014 HO132),1911-May-05 16:05 ± 5_20:39,215265.12000000002,19 m -   43 m,0.019,0.043
(2005 XA8),2005-Dec-05 11:12 ± < 00:01,215265.12000000002,19 m -   43 m,0.019,0.043
(2020 FD2),2020-Mar-14 20:18 ±    00:05,326741.7,19 m -   43 m,0.019,0.043
(2014 DX110),2014-Mar-05 21:00 ± < 00:01,349805.82,19 m -   43 m,0.019,0.043
(2020 JG),2020-Apr-30 19:38 ± < 00:01,215265.12000000002,19 m -   41 m,0.019,0.041
(2009 DD45),2009-Mar-02 13:45 ± < 00:01,73036.38,18 m -   41 m,0.018,0.041
(2017 SQ2),2017-Sep-14 16:14 ± < 00:01,199889.04,18 m -   41 m,0.018,0.041
(2007 YP56),2007-Dec-27 16:50 ±    00:11,207577.08000000002,18 m -   41 m,0.018,0.041
(2019 EA2),2019-Mar-22 01:53 ± < 00:01,307521.60000000003,18 m -   41 m,0.018,0.041
(2018 HW1),2018-Apr-21 22:53 ± < 00:01,342117.78,18 m -   41 m,0.018,0.041
(2018 CB),2018-Feb-09 22:29 ± < 00:01,69192.36,18 m -   39 m,0.018,0.039
(2011 UT),2011-Oct-12 19:15 ±    00:05,226797.18,17 m -   38 m,0.017,0.038
(2018 BF3),2018-Jan-19 03:00 ± < 00:01,242173.26,17 m -   38 m,0.017,0.038
(2009 JL2),2009-May-13 21:32 ± < 00:01,265237.38,17 m -   38 m,0.017,0.038
(2001 BA16),2001-Jan-15 20:30 ±    00:01,307521.60000000003,17 m -   38 m,0.017,0.038
(2019 MB4),2019-Jul-09 07:20 ± < 00:01,315209.63999999996,17 m -   38 m,0.017,0.038
(2017 DS109),2017-Mar-05 14:29 ± < 00:01,353649.84,17 m -   38 m,0.017,0.038
(2020 FB7),2020-Mar-31 16:17 ± < 00:01,76880.40000000001,16 m -   36 m,0.016,0.036
(2018 WE1),2018-Nov-25 00:03 ± < 00:01,107632.56000000001,16 m -   36 m,0.016,0.036
(2017 VL2),2017-Nov-09 09:50 ± < 00:01,119164.62,16 m -   36 m,0.016,0.036
(2017 AG13),2017-Jan-09 12:50 ± < 00:01,207577.08000000002,16 m -   36 m,0.016,0.036
(2004 FY15),2004-Mar-27 20:22 ± < 00:01,238329.24,16 m -   36 m,0.016,0.036
(2015 KW121),2015-May-23 18:02 ± < 00:01,284457.48,16 m -   36 m,0.016,0.036
(2016 TB57),1984-Jan-10 00:58 ±    00:20,295989.54,16 m -   36 m,0.016,0.036
(2014 YR14),2014-Dec-26 09:52 ± < 00:01,349805.82,16 m -   36 m,0.016,0.036
(2008 AF3),2008-Jan-13 09:14 ± < 00:01,376713.96,16 m -   36 m,0.016,0.036
(2020 FL2),2020-Mar-22 20:32 ± < 00:01,146072.76,16 m -   35 m,0.016,0.035
(2002 JE9),1971-Apr-11 02:33 ±    00:14,269081.39999999997,150 m -  340 m,0.15,0.34
(2019 WH),2019-Nov-19 08:01 ± < 00:01,84568.44,15 m -   34 m,0.015,0.034
(2019 SS3),2019-Sep-22 22:46 ±    00:03,280613.46,15 m -   34 m,0.015,0.034
(2004 XB45),2004-Dec-16 19:10 ± < 00:01,326741.7,15 m -   34 m,0.015,0.034
(2019 SP3),2019-Oct-03 06:33 ± < 00:01,372869.94,15 m -   34 m,0.015,0.034
(2011 TO),2011-Sep-28 15:26 ±    00:03,126852.66,15 m -   33 m,0.015,0.033
(2008 FP),2008-Mar-29 11:39 ± < 00:01,169136.88,15 m -   33 m,0.015,0.033
(2020 NB),2020-Jul-05 21:20 ± < 00:01,176824.92,15 m -   33 m,0.015,0.033
(2016 GO206),2016-Apr-06 20:01 ±    00:06,330585.72,15 m -   33 m,0.015,0.033
(2004 ST26),2004-Sep-21 23:31 ±    00:02,369025.92,15 m -   33 m,0.015,0.033
(2012 TY52),1982-Nov-04 08:08 ±    00:03,315209.63999999996,140 m -  310 m,0.14,0.31
(2012 KP24),2012-May-28 15:21 ± < 00:01,57660.299999999996,14 m -   31 m,0.014,0.031
(2003 XJ7),2003-Dec-06 19:04 ± < 00:01,149916.78,14 m -   31 m,0.014,0.031
(2007 DN41),2007-Feb-21 09:41 ± < 00:01,303677.58,14 m -   31 m,0.014,0.031
(2009 EW),2009-Mar-06 03:37 ± < 00:01,338273.76,14 m -   31 m,0.014,0.031
(2004 RU109),2004-Sep-13 15:43 ± < 00:01,369025.92,14 m -   31 m,0.014,0.031
(2006 DD1),2006-Feb-23 06:56 ± < 00:01,119164.62,13 m -   30 m,0.013,0.03
(2011 OD18),2011-Jul-28 08:38 ±    00:03,172980.9,13 m -   30 m,0.013,0.03
(2019 GC6),2019-Apr-18 06:41 ± < 00:01,219109.13999999998,13 m -   30 m,0.013,0.03
(2005 VL1),1965-Oct-27 17:50 ±    00:02,288301.5,13 m -   30 m,0.013,0.03
(2018 LV3),2018-Jun-15 02:31 ± < 00:01,330585.72,13 m -   30 m,0.013,0.03
(2019 GN20),2019-Apr-12 07:06 ± < 00:01,376713.96,13 m -   30 m,0.013,0.03
(2020 RZ6),2020-Sep-17 18:23 ± < 00:01,338273.76,13 m -   29 m,0.013,0.029
(2016 UD),2014-Oct-18 13:18 ± 7_13:48,65348.340000000004,13 m -   28 m,0.013,0.028
(2016 UD),2016-Oct-17 23:32 ±    00:14,73036.38,13 m -   28 m,0.013,0.028
(2020 GY1),2020-Apr-05 07:37 ± < 00:01,80724.42,13 m -   28 m,0.013,0.028
(2009 FH),2009-Mar-18 12:08 ± < 00:01,84568.44,13 m -   28 m,0.013,0.028
(2012 TM79),2012-Oct-09 17:05 ± < 00:01,92256.48,13 m -   28 m,0.013,0.028
(2020 HM6),2020-Apr-22 05:52 ± < 00:01,161448.84,13 m -   28 m,0.013,0.028
(2018 RY5),2018-Sep-12 17:12 ± < 00:01,180668.94,13 m -   28 m,0.013,0.028
(2018 CC),2018-Feb-06 20:12 ± < 00:01,188356.98,13 m -   28 m,0.013,0.028
(2015 LF),2015-Jun-08 23:49 ± < 00:01,196045.02,13 m -   28 m,0.013,0.028
(2015 LR21),1955-Jun-19 01:24 ±    00:14,226797.18,13 m -   28 m,0.013,0.028
(2018 EZ2),2018-Mar-14 02:41 ± < 00:01,215265.12000000002,13 m -   28 m,0.013,0.028
(2006 EC),2006-Mar-08 15:19 ± < 00:01,269081.39999999997,13 m -   28 m,0.013,0.028
(2008 BC15),2008-Jan-31 13:19 ± < 00:01,295989.54,13 m -   28 m,0.013,0.028
(2018 TC),2018-Sep-30 20:00 ± < 00:01,303677.58,13 m -   28 m,0.013,0.028
(2019 KT),2019-May-28 03:48 ± < 00:01,326741.7,13 m -   28 m,0.013,0.028
(2017 VE),2017-Nov-04 05:13 ± < 00:01,338273.76,13 m -   28 m,0.013,0.028
(2020 GH2),2020-Apr-15 12:47 ± < 00:01,357493.86000000004,13 m -   28 m,0.013,0.028
(2014 AK51),2014-Jan-08 09:09 ± < 00:01,369025.92,13 m -   28 m,0.013,0.028
(2020 PY2),2020-Aug-20 23:29 ± < 00:01,349805.82,12 m -   28 m,0.012,0.028
(2012 TC4),2017-Oct-12 05:42 ± < 00:01,49972.26,12 m -   27 m,0.012,0.027
(2012 TC4),2012-Oct-12 05:30 ± < 00:01,96100.5,12 m -   27 m,0.012,0.027
(2015 ET),2015-Mar-10 16:42 ± < 00:01,126852.66,12 m -   27 m,0.012,0.027
(2018 VO5),2018-Nov-06 01:31 ± < 00:01,142228.74,12 m -   27 m,0.012,0.027
(2020 HF5),2020-Apr-22 16:41 ± < 00:01,146072.76,12 m -   27 m,0.012,0.027
(2019 HE),2019-Apr-20 21:12 ± < 00:01,222953.15999999997,12 m -   27 m,0.012,0.027
(2006 DM63),2006-Feb-24 03:54 ±    00:46,230641.19999999998,12 m -   27 m,0.012,0.027
(2015 BP513),2015-Jan-18 17:09 ± < 00:01,238329.24,12 m -   27 m,0.012,0.027
(2009 KR21),2009-Jun-01 10:07 ±    00:02,284457.48,12 m -   27 m,0.012,0.027
(2011 DU9),2011-Feb-23 19:03 ±    00:01,288301.5,12 m -   27 m,0.012,0.027
(2013 TL127),2013-Oct-09 02:25 ±    00:02,376713.96,12 m -   27 m,0.012,0.027
(2014 RC),2014-Sep-07 18:02 ± < 00:01,38440.200000000004,12 m -   26 m,0.012,0.026
(2019 UG11),2019-Nov-01 20:42 ± < 00:01,211421.1,12 m -   26 m,0.012,0.026
(2010 KV39),2010-May-26 21:42 ± < 00:01,249861.30000000002,12 m -   26 m,0.012,0.026
(2009 WP6),2009-Nov-15 14:49 ±    00:13,265237.38,12 m -   26 m,0.012,0.026
(2004 HE),2004-Apr-18 00:21 ± < 00:01,276769.44,12 m -   26 m,0.012,0.026
(2013 UV3),2013-Oct-29 21:49 ± < 00:01,284457.48,12 m -   26 m,0.012,0.026
(2020 QJ5),2020-Aug-12 14:59 ±    01:41,295989.54,12 m -   26 m,0.012,0.026
(2020 TD7),2020-Oct-13 09:51 ±    00:01,338273.76,12 m -   26 m,0.012,0.026
(2018 BN6),2018-Jan-24 09:29 ± < 00:01,361337.88,12 m -   26 m,0.012,0.026
308635 (2005 YU55),2011-Nov-08 23:29 ± < 00:01,326741.7,110 m -  250 m,0.11,0.25
(2019 VS4),2019-Nov-06 16:28 ± < 00:01,138384.72,11 m -   25 m,0.011,0.025
(2005 FN),2005-Mar-18 21:44 ± < 00:01,142228.74,11 m -   25 m,0.011,0.025
(2010 XR),2010-Nov-29 21:58 ±    02:54,192201.0,11 m -   25 m,0.011,0.025
(2019 OD3),2019-Jul-28 02:56 ± < 00:01,188356.98,11 m -   25 m,0.011,0.025
(2011 EB74),2011-Mar-16 21:50 ±    03:16,326741.7,11 m -   25 m,0.011,0.025
(2020 BK3),2020-Jan-20 20:52 ± < 00:01,299833.56,11 m -   25 m,0.011,0.025
(2012 MF7),2012-Jun-21 02:42 ±    00:01,315209.63999999996,11 m -   25 m,0.011,0.025
(2010 TN55),2010-Oct-11 01:11 ±    00:03,326741.7,11 m -   25 m,0.011,0.025
(2020 CJ),2020-Jan-31 19:03 ± < 00:01,353649.84,11 m -   25 m,0.011,0.025
(2008 EZ7),2008-Mar-09 01:21 ± < 00:01,161448.84,11 m -   24 m,0.011,0.024
(2004 OD4),2004-Jul-16 05:10 ± < 00:01,165292.86,11 m -   24 m,0.011,0.024
(2014 LN17),2014-Jun-03 12:56 ±    00:04,215265.12000000002,11 m -   24 m,0.011,0.024
(2003 HW10),2003-Apr-29 06:24 ± < 00:01,330585.72,11 m -   24 m,0.011,0.024
(2007 CC27),2007-Feb-11 12:40 ± < 00:01,330585.72,11 m -   24 m,0.011,0.024
(2007 XB23),2007-Dec-13 04:03 ±    00:27,99944.52,10 m -   23 m,0.01,0.023
(2009 WV51),2009-Nov-24 19:54 ± < 00:01,149916.78,10 m -   23 m,0.01,0.023
(2008 OT7),2008-Jul-29 07:04 ± < 00:01,172980.9,10 m -   23 m,0.01,0.023
(2010 KO10),2010-May-23 03:55 ± < 00:01,172980.9,10 m -   23 m,0.01,0.023
(2020 FG4),2020-Mar-19 13:35 ±    00:51,188356.98,10 m -   23 m,0.01,0.023
(2014 MH6),2014-Jun-22 14:05 ±    00:02,246017.28,10 m -   23 m,0.01,0.023
(2011 CA4),2011-Jan-31 04:08 ±    00:10,246017.28,10 m -   23 m,0.01,0.023
(2010 RX30),2010-Sep-08 09:51 ± < 00:01,246017.28,10 m -   23 m,0.01,0.023
(2017 SS12),2017-Sep-24 15:32 ± < 00:01,257549.34000000003,10 m -   23 m,0.01,0.023
(2006 OK3),2006-Jul-23 10:45 ± < 00:01,280613.46,10 m -   23 m,0.01,0.023
(2009 JF1),2009-May-05 19:39 ± < 00:01,292145.52,10 m -   23 m,0.01,0.023
(2019 FQ),2019-Mar-23 18:17 ± < 00:01,330585.72,10 m -   23 m,0.01,0.023
(2020 SP),2020-Sep-13 00:57 ±    00:01,330585.72,10 m -   23 m,0.01,0.023
(2014 WJ6),2014-Nov-15 16:12 ±    00:01,334429.74,10 m -   23 m,0.01,0.023
(2011 BY10),2011-Jan-20 08:29 ±    00:03,357493.86000000004,10 m -   23 m,0.01,0.023
(2019 SS2),2019-Sep-21 07:12 ±    00:02,115320.59999999999,1.9 m -  4.3 m,0.0019,0.0043
(2016 JS5),2016-May-05 22:47 ± < 00:01,203733.06,1.9 m -  4.3 m,0.0019,0.0043
(2012 AQ),2011-Dec-29 08:32 ±    00:02,269081.39999999997,1.9 m -  4.3 m,0.0019,0.0043
(2017 EA),2017-Mar-02 14:05 ± < 00:01,19220.100000000002,1.8 m -  4.1 m,0.0018,0.0040999999999999995
(2011 CF22),2011-Feb-06 11:40 ±    02:56,38440.200000000004,1.8 m -  4.0 m,0.0018,0.004
(2017 UJ2),2017-Oct-20 14:07 ±    00:02,19220.100000000002,1.8 m -  3.9 m,0.0018,0.0039
(2007 RS1),2007-Sep-05 01:19 ± < 00:01,73036.38,1.8 m -  3.9 m,0.0018,0.0039
(2018 VP1),2018-Nov-02 18:20 ± < 00:01,149916.78,1.8 m -  3.9 m,0.0018,0.0039
(2012 BV1),2012-Jan-20 07:14 ±    00:01,319053.66,1.7 m -  3.8 m,0.0017,0.0038
(2015 FU344),2015-Mar-16 05:50 ±    00:02,380557.98,1.7 m -  3.8 m,0.0017,0.0038
(2016 RN41),2016-Sep-11 14:56 ±    00:02,23064.12,1.7 m -  3.7 m,0.0017,0.0037
(2013 RZ53),1954-Mar-13 00:00 ±    02:52,103788.54000000001,1.6 m -  3.6 m,0.0016,0.0036
(2020 UX),2020-Oct-19 06:56 ±    00:18,188356.98,1.6 m -  3.6 m,0.0016,0.0036
(2013 RZ53),2013-Sep-18 22:51 ± < 00:01,242173.26,1.6 m -  3.6 m,0.0016,0.0036
(2020 QY2),2020-Aug-20 23:50 ± < 00:01,65348.340000000004,1.5 m -  3.4 m,0.0015,0.0034
(2008 US),2008-Oct-20 23:30 ±    00:15,34596.18,1.4 m -  3.1 m,0.0014,0.0031
(2013 YB),2013-Dec-23 12:51 ±    00:01,26908.140000000003,1.3 m -  3.0 m,0.0013,0.003
(2019 YS),2019-Dec-18 15:12 ± < 00:01,65348.340000000004,1.3 m -  3.0 m,0.0013,0.003
(2020 CD3),2019-Apr-04 09:32 ±    01:09,11532.06,1.2 m -  2.8 m,0.0012,0.0028
(2020 CD3),2020-Feb-13 16:20 ± < 00:01,46128.24,1.2 m -  2.8 m,0.0012,0.0028
(2020 CD3),2019-Jan-16 16:53 ± 9_10:47,161448.84,1.2 m -  2.8 m,0.0012,0.0028
(2020 CD3),2019-Jun-30 17:33 ±    01:30,276769.44,1.2 m -  2.8 m,0.0012,0.0028
(2020 CD3),2019-Nov-18 13:05 ±    00:19,288301.5,1.2 m -  2.8 m,0.0012,0.0028
(2020 CD3),2019-Sep-10 04:03 ±    01:02,303677.58,1.2 m -  2.8 m,0.0012,0.0028
(2019 VB5),2019-Nov-09 17:29 ± < 00:01,146072.76,1.2 m -  2.7 m,0.0012,0.0027
(2017 WE30),2017-Nov-26 17:55 ±    00:03,30752.16,1.1 m -  2.5 m,0.0011,0.0025
(2019 UN13),2019-Oct-31 14:45 ± < 00:01,11532.06,1.1 m -  2.4 m,0.0011,0.0024
(2017 UL6),2017-Oct-28 11:24 ±    00:02,61504.32,1.1 m -  2.4 m,0.0011,0.0024
(2011 CQ1),2011-Feb-04 19:39 ± < 00:01,11532.06,1.0 m -  2.3 m,0.001,0.0023
(2008 UM1),2008-Oct-22 03:57 ±    00:13,84568.44,1.0 m -  2.3 m,0.001,0.0023
(2019 AS5),2019-Jan-08 00:37 ± < 00:01,15376.08,0.92 m -  2.1 m,0.00092,0.0021000000000000003
(2020 CW),2020-Feb-01 12:50 ± < 00:01,15376.08,0.83 m -  1.9 m,0.00083,0.0019
(2008 TS26),2008-Oct-09 03:30 ±    00:03,11532.06,0.61 m -  1.4 m,0.00061,0.0014
